,protein,resi,resn,chain,a_ang,b_ang,c_ang,resn_3_5_radius,resn_6_radius,hide_metal,metal,folder
0,1B9R,106,FES,A,0,0,0,"['VAL', 'MET', 'LEU', 'SER', 'GLY', 'ALA', 'GLY', 'THR', 'CYS', 'GLU', 'CYS', 'GLN', 'VAL', 'FES', 'ALA', 'CYS', 'CYS', 'CYS']","['VAL', 'MET', 'CYS', 'SER', 'CYS', 'ARG', 'LEU', 'GLY', 'CYS', 'ILE', 'THR', 'ALA', 'GLY', 'GLU', 'CYS', 'GLN', 'CYS', 'VAL', 'ILE', 'LEU', 'SER', 'FES', 'ALA', 'LEU', 'GLU']",False,FES,train
1,1AYF,109,FES,A,0,0,36,"['LEU', 'GLY', 'CYS', 'CYS', 'CYS', 'CYS', 'FES']","['LEU', 'CYS', 'GLY', 'HOH', 'MET', 'CYS', 'GLY', 'ALA', 'SER', 'THR', 'ALA', 'LEU', 'GLU', 'PHE', 'LEU', 'HIS', 'GLY', 'HOH', 'CYS', 'FES', 'GLN', 'CYS', 'THR']",False,FES,train
2,1AWD,98,FES,A,0,0,72,"['CYS', 'CYS', 'GLY', 'FES', 'ARG', 'CYS', 'CYS', 'SER']","['PHE', 'LEU', 'ALA', 'ALA', 'CYS', 'SER', 'THR', 'GLY', 'LEU', 'VAL', 'ARG', 'CYS', 'HOH', 'SER', 'PRO', 'CYS', 'TYR', 'CYS', 'FES', 'ALA', 'SER']",False,FES,train
3,1B9R,106,FES,A,0,0,108,"['VAL', 'MET', 'LEU', 'SER', 'GLY', 'ALA', 'GLY', 'THR', 'CYS', 'GLU', 'CYS', 'GLN', 'VAL', 'FES', 'ALA', 'CYS', 'CYS', 'CYS']","['VAL', 'MET', 'CYS', 'SER', 'CYS', 'ARG', 'LEU', 'GLY', 'CYS', 'ILE', 'THR', 'ALA', 'GLY', 'GLU', 'CYS', 'GLN', 'CYS', 'VAL', 'ILE', 'LEU', 'SER', 'FES', 'ALA', 'LEU', 'GLU']",False,FES,train
4,1AYF,109,FES,A,0,0,144,"['LEU', 'GLY', 'CYS', 'CYS', 'CYS', 'CYS', 'FES']","['LEU', 'CYS', 'GLY', 'HOH', 'MET', 'CYS', 'GLY', 'ALA', 'SER', 'THR', 'ALA', 'LEU', 'GLU', 'PHE', 'LEU', 'HIS', 'GLY', 'HOH', 'CYS', 'FES', 'GLN', 'CYS', 'THR']",False,FES,train
5,1AWD,98,FES,A,0,0,180,"['CYS', 'CYS', 'GLY', 'FES', 'ARG', 'CYS', 'CYS', 'SER']","['PHE', 'LEU', 'ALA', 'ALA', 'CYS', 'SER', 'THR', 'GLY', 'LEU', 'VAL', 'ARG', 'CYS', 'HOH', 'SER', 'PRO', 'CYS', 'TYR', 'CYS', 'FES', 'ALA', 'SER']",False,FES,train
6,1B9R,106,FES,A,0,0,216,"['VAL', 'MET', 'LEU', 'SER', 'GLY', 'ALA', 'GLY', 'THR', 'CYS', 'GLU', 'CYS', 'GLN', 'VAL', 'FES', 'ALA', 'CYS', 'CYS', 'CYS']","['VAL', 'MET', 'CYS', 'SER', 'CYS', 'ARG', 'LEU', 'GLY', 'CYS', 'ILE', 'THR', 'ALA', 'GLY', 'GLU', 'CYS', 'GLN', 'CYS', 'VAL', 'ILE', 'LEU', 'SER', 'FES', 'ALA', 'LEU', 'GLU']",False,FES,train
7,1AYF,109,FES,A,0,0,252,"['LEU', 'GLY', 'CYS', 'CYS', 'CYS', 'CYS', 'FES']","['LEU', 'CYS', 'GLY', 'HOH', 'MET', 'CYS', 'GLY', 'ALA', 'SER', 'THR', 'ALA', 'LEU', 'GLU', 'PHE', 'LEU', 'HIS', 'GLY', 'HOH', 'CYS', 'FES', 'GLN', 'CYS', 'THR']",False,FES,train
8,1AWD,98,FES,A,0,0,288,"['CYS', 'CYS', 'GLY', 'FES', 'ARG', 'CYS', 'CYS', 'SER']","['PHE', 'LEU', 'ALA', 'ALA', 'CYS', 'SER', 'THR', 'GLY', 'LEU', 'VAL', 'ARG', 'CYS', 'HOH', 'SER', 'PRO', 'CYS', 'TYR', 'CYS', 'FES', 'ALA', 'SER']",False,FES,train
9,1B9R,106,FES,A,0,0,324,"['VAL', 'MET', 'LEU', 'SER', 'GLY', 'ALA', 'GLY', 'THR', 'CYS', 'GLU', 'CYS', 'GLN', 'VAL', 'FES', 'ALA', 'CYS', 'CYS', 'CYS']","['VAL', 'MET', 'CYS', 'SER', 'CYS', 'ARG', 'LEU', 'GLY', 'CYS', 'ILE', 'THR', 'ALA', 'GLY', 'GLU', 'CYS', 'GLN', 'CYS', 'VAL', 'ILE', 'LEU', 'SER', 'FES', 'ALA', 'LEU', 'GLU']",False,FES,train
10,1A70,1602,FES,A,-52,15,-22,"['CYS', 'CYS', 'FES', 'CYS', 'GLY', 'ARG', 'SER', 'CYS', 'SER']","['CYS', 'GLY', 'ALA', 'CYS', 'LEU', 'THR', 'CYS', 'ALA', 'PRO', 'TYR', 'PHE', 'SER', 'ALA', 'FES', 'CYS', 'SER', 'LEU', 'ARG', 'SER', 'SER']",False,FES,test
11,1A70,1602,FES,A,12,-29,-60,"['CYS', 'CYS', 'FES', 'CYS', 'GLY', 'ARG', 'SER', 'CYS', 'SER']","['CYS', 'GLY', 'ALA', 'CYS', 'LEU', 'THR', 'CYS', 'ALA', 'PRO', 'TYR', 'PHE', 'SER', 'ALA', 'FES', 'CYS', 'SER', 'LEU', 'ARG', 'SER', 'SER']",False,FES,test
12,1A70,1602,FES,A,-28,-29,-42,"['CYS', 'CYS', 'FES', 'CYS', 'GLY', 'ARG', 'SER', 'CYS', 'SER']","['CYS', 'GLY', 'ALA', 'CYS', 'LEU', 'THR', 'CYS', 'ALA', 'PRO', 'TYR', 'PHE', 'SER', 'ALA', 'FES', 'CYS', 'SER', 'LEU', 'ARG', 'SER', 'SER']",False,FES,test
13,1A70,1602,FES,A,-105,36,-175,"['CYS', 'CYS', 'FES', 'CYS', 'GLY', 'ARG', 'SER', 'CYS', 'SER']","['CYS', 'GLY', 'ALA', 'CYS', 'LEU', 'THR', 'CYS', 'ALA', 'PRO', 'TYR', 'PHE', 'SER', 'ALA', 'FES', 'CYS', 'SER', 'LEU', 'ARG', 'SER', 'SER']",False,FES,test
14,1A70,1602,FES,A,-64,-10,-150,"['CYS', 'CYS', 'FES', 'CYS', 'GLY', 'ARG', 'SER', 'CYS', 'SER']","['CYS', 'GLY', 'ALA', 'CYS', 'LEU', 'THR', 'CYS', 'ALA', 'PRO', 'TYR', 'PHE', 'SER', 'ALA', 'FES', 'CYS', 'SER', 'LEU', 'ARG', 'SER', 'SER']",False,FES,test
15,1B2O,55,FE,A,0,0,0,"['CYS', 'CYS', 'FE', 'CYS', 'CYS']","['PHE', 'VAL', 'LEU', 'THR', 'VAL', 'CYS', 'CYS', 'PRO', 'VAL', 'ALA', 'FE', 'CYS', 'CYS', 'TYR']",False,FE,train
16,1B2O,55,FE,A,0,0,36,"['CYS', 'CYS', 'FE', 'CYS', 'CYS']","['PHE', 'VAL', 'LEU', 'THR', 'VAL', 'CYS', 'CYS', 'PRO', 'VAL', 'ALA', 'FE', 'CYS', 'CYS', 'TYR']",False,FE,train
17,1B2O,55,FE,A,0,0,72,"['CYS', 'CYS', 'FE', 'CYS', 'CYS']","['PHE', 'VAL', 'LEU', 'THR', 'VAL', 'CYS', 'CYS', 'PRO', 'VAL', 'ALA', 'FE', 'CYS', 'CYS', 'TYR']",False,FE,train
18,1B2O,55,FE,A,0,0,108,"['CYS', 'CYS', 'FE', 'CYS', 'CYS']","['PHE', 'VAL', 'LEU', 'THR', 'VAL', 'CYS', 'CYS', 'PRO', 'VAL', 'ALA', 'FE', 'CYS', 'CYS', 'TYR']",False,FE,train
19,1B2O,55,FE,A,0,0,144,"['CYS', 'CYS', 'FE', 'CYS', 'CYS']","['PHE', 'VAL', 'LEU', 'THR', 'VAL', 'CYS', 'CYS', 'PRO', 'VAL', 'ALA', 'FE', 'CYS', 'CYS', 'TYR']",False,FE,train
20,1B2O,55,FE,A,0,0,180,"['CYS', 'CYS', 'FE', 'CYS', 'CYS']","['PHE', 'VAL', 'LEU', 'THR', 'VAL', 'CYS', 'CYS', 'PRO', 'VAL', 'ALA', 'FE', 'CYS', 'CYS', 'TYR']",False,FE,train
21,1B2O,55,FE,A,0,0,216,"['CYS', 'CYS', 'FE', 'CYS', 'CYS']","['PHE', 'VAL', 'LEU', 'THR', 'VAL', 'CYS', 'CYS', 'PRO', 'VAL', 'ALA', 'FE', 'CYS', 'CYS', 'TYR']",False,FE,train
22,1B2O,55,FE,A,0,0,252,"['CYS', 'CYS', 'FE', 'CYS', 'CYS']","['PHE', 'VAL', 'LEU', 'THR', 'VAL', 'CYS', 'CYS', 'PRO', 'VAL', 'ALA', 'FE', 'CYS', 'CYS', 'TYR']",False,FE,train
23,1B2O,55,FE,A,0,0,288,"['CYS', 'CYS', 'FE', 'CYS', 'CYS']","['PHE', 'VAL', 'LEU', 'THR', 'VAL', 'CYS', 'CYS', 'PRO', 'VAL', 'ALA', 'FE', 'CYS', 'CYS', 'TYR']",False,FE,train
24,1B2O,55,FE,A,0,0,324,"['CYS', 'CYS', 'FE', 'CYS', 'CYS']","['PHE', 'VAL', 'LEU', 'THR', 'VAL', 'CYS', 'CYS', 'PRO', 'VAL', 'ALA', 'FE', 'CYS', 'CYS', 'TYR']",False,FE,train
25,1B71,192,FE,A,-84,12,-47,"['CYS', 'FE', 'CYS', 'CYS', 'CYS']","['CYS', 'ARG', 'HOH', 'FE', 'CYS', 'HIS', 'CYS', 'GLY', 'PRO', 'ALA', 'CYS', 'TYR', 'ASN', 'PHE', 'ALA']",False,FE,test
26,1B71,192,FE,A,-177,-24,-114,"['CYS', 'FE', 'CYS', 'CYS', 'CYS']","['CYS', 'ARG', 'HOH', 'FE', 'CYS', 'HIS', 'CYS', 'GLY', 'PRO', 'ALA', 'CYS', 'TYR', 'ASN', 'PHE', 'ALA']",False,FE,test
27,1B71,192,FE,A,-149,25,42,"['CYS', 'FE', 'CYS', 'CYS', 'CYS']","['CYS', 'ARG', 'HOH', 'FE', 'CYS', 'HIS', 'CYS', 'GLY', 'PRO', 'ALA', 'CYS', 'TYR', 'ASN', 'PHE', 'ALA']",False,FE,test
28,1B71,192,FE,A,-49,28,-156,"['CYS', 'FE', 'CYS', 'CYS', 'CYS']","['CYS', 'ARG', 'HOH', 'FE', 'CYS', 'HIS', 'CYS', 'GLY', 'PRO', 'ALA', 'CYS', 'TYR', 'ASN', 'PHE', 'ALA']",False,FE,test
29,1B71,192,FE,A,82,-55,48,"['CYS', 'FE', 'CYS', 'CYS', 'CYS']","['CYS', 'ARG', 'HOH', 'FE', 'CYS', 'HIS', 'CYS', 'GLY', 'PRO', 'ALA', 'CYS', 'TYR', 'ASN', 'PHE', 'ALA']",False,FE,test
30,1BE3,197,FES,E,0,0,0,"['SER', 'CYS', 'CYS', 'HIS', 'FES', 'CYS', 'HIS']","['LEU', 'SER', 'GLY', 'CYS', 'CYS', 'HIS', 'PRO', 'FES', 'TYR', 'CYS', 'CYS', 'ALA', 'VAL', 'GLY', 'PRO', 'THR', 'HIS']",False,Rieske,train
31,1BE3,197,FES,E,0,0,36,"['SER', 'CYS', 'CYS', 'HIS', 'FES', 'CYS', 'HIS']","['LEU', 'SER', 'GLY', 'CYS', 'CYS', 'HIS', 'PRO', 'FES', 'TYR', 'CYS', 'CYS', 'ALA', 'VAL', 'GLY', 'PRO', 'THR', 'HIS']",False,Rieske,train
32,1BE3,197,FES,E,0,0,72,"['SER', 'CYS', 'CYS', 'HIS', 'FES', 'CYS', 'HIS']","['LEU', 'SER', 'GLY', 'CYS', 'CYS', 'HIS', 'PRO', 'FES', 'TYR', 'CYS', 'CYS', 'ALA', 'VAL', 'GLY', 'PRO', 'THR', 'HIS']",False,Rieske,train
33,1BE3,197,FES,E,0,0,108,"['SER', 'CYS', 'CYS', 'HIS', 'FES', 'CYS', 'HIS']","['LEU', 'SER', 'GLY', 'CYS', 'CYS', 'HIS', 'PRO', 'FES', 'TYR', 'CYS', 'CYS', 'ALA', 'VAL', 'GLY', 'PRO', 'THR', 'HIS']",False,Rieske,train
34,1BE3,197,FES,E,0,0,144,"['SER', 'CYS', 'CYS', 'HIS', 'FES', 'CYS', 'HIS']","['LEU', 'SER', 'GLY', 'CYS', 'CYS', 'HIS', 'PRO', 'FES', 'TYR', 'CYS', 'CYS', 'ALA', 'VAL', 'GLY', 'PRO', 'THR', 'HIS']",False,Rieske,train
35,1BE3,197,FES,E,0,0,180,"['SER', 'CYS', 'CYS', 'HIS', 'FES', 'CYS', 'HIS']","['LEU', 'SER', 'GLY', 'CYS', 'CYS', 'HIS', 'PRO', 'FES', 'TYR', 'CYS', 'CYS', 'ALA', 'VAL', 'GLY', 'PRO', 'THR', 'HIS']",False,Rieske,train
36,1BE3,197,FES,E,0,0,216,"['SER', 'CYS', 'CYS', 'HIS', 'FES', 'CYS', 'HIS']","['LEU', 'SER', 'GLY', 'CYS', 'CYS', 'HIS', 'PRO', 'FES', 'TYR', 'CYS', 'CYS', 'ALA', 'VAL', 'GLY', 'PRO', 'THR', 'HIS']",False,Rieske,train
37,1BE3,197,FES,E,0,0,252,"['SER', 'CYS', 'CYS', 'HIS', 'FES', 'CYS', 'HIS']","['LEU', 'SER', 'GLY', 'CYS', 'CYS', 'HIS', 'PRO', 'FES', 'TYR', 'CYS', 'CYS', 'ALA', 'VAL', 'GLY', 'PRO', 'THR', 'HIS']",False,Rieske,train
38,1BE3,197,FES,E,0,0,288,"['SER', 'CYS', 'CYS', 'HIS', 'FES', 'CYS', 'HIS']","['LEU', 'SER', 'GLY', 'CYS', 'CYS', 'HIS', 'PRO', 'FES', 'TYR', 'CYS', 'CYS', 'ALA', 'VAL', 'GLY', 'PRO', 'THR', 'HIS']",False,Rieske,train
39,1BE3,197,FES,E,0,0,324,"['SER', 'CYS', 'CYS', 'HIS', 'FES', 'CYS', 'HIS']","['LEU', 'SER', 'GLY', 'CYS', 'CYS', 'HIS', 'PRO', 'FES', 'TYR', 'CYS', 'CYS', 'ALA', 'VAL', 'GLY', 'PRO', 'THR', 'HIS']",False,Rieske,train
40,1BCC,197,FES,E,-134,24,-174,"['LEU', 'SER', 'CYS', 'CYS', 'HIS', 'FES', 'CYS', 'CYS', 'HIS']","['LEU', 'SER', 'GLY', 'CYS', 'CYS', 'HIS', 'PRO', 'FES', 'CYS', 'CYS', 'ALA', 'VAL', 'GLY', 'PRO', 'THR', 'HIS']",False,Rieske,test
41,1BCC,197,FES,E,-25,14,-63,"['LEU', 'SER', 'CYS', 'CYS', 'HIS', 'FES', 'CYS', 'CYS', 'HIS']","['LEU', 'SER', 'GLY', 'CYS', 'CYS', 'HIS', 'PRO', 'FES', 'CYS', 'CYS', 'ALA', 'VAL', 'GLY', 'PRO', 'THR', 'HIS']",False,Rieske,test
42,1BCC,197,FES,E,-5,78,-22,"['LEU', 'SER', 'CYS', 'CYS', 'HIS', 'FES', 'CYS', 'CYS', 'HIS']","['LEU', 'SER', 'GLY', 'CYS', 'CYS', 'HIS', 'PRO', 'FES', 'CYS', 'CYS', 'ALA', 'VAL', 'GLY', 'PRO', 'THR', 'HIS']",False,Rieske,test
43,1BCC,197,FES,E,-118,20,7,"['LEU', 'SER', 'CYS', 'CYS', 'HIS', 'FES', 'CYS', 'CYS', 'HIS']","['LEU', 'SER', 'GLY', 'CYS', 'CYS', 'HIS', 'PRO', 'FES', 'CYS', 'CYS', 'ALA', 'VAL', 'GLY', 'PRO', 'THR', 'HIS']",False,Rieske,test
44,1BCC,197,FES,E,179,21,29,"['LEU', 'SER', 'CYS', 'CYS', 'HIS', 'FES', 'CYS', 'CYS', 'HIS']","['LEU', 'SER', 'GLY', 'CYS', 'CYS', 'HIS', 'PRO', 'FES', 'CYS', 'CYS', 'ALA', 'VAL', 'GLY', 'PRO', 'THR', 'HIS']",False,Rieske,test
